Timestamp,Title,Link
59 Min Ago,Rudy Giuliani hospitalized with serious injuries after car accident: Spokesman,https://www.cnbc.com/2025/08/31/rudy-giuliani-hospitalized-after-car-accident-spokesman.html
5 Hours Ago,Trump trade adviser blasts tariff ruling: It's 'weaponized partisan injustice',https://www.cnbc.com/2025/08/31/trump-trade-adviser-tariff-ruling-peter-navarro-.html
7 Hours Ago,"The top 10 jobs offering remote, part-time work in 2025, says new report",https://www.cnbc.com/2025/08/31/the-top-job-titles-for-remote-part-time-work-according-to-flexjobs-report.html
8 Hours Ago,I've studied over 200 kids—6 'magic phrases' that make children listen to parents,https://www.cnbc.com/2025/08/31/child-psychologist-parents-who-raise-kids-who-listen-use-6-magic-phrases.html
8 Hours Ago,"After losing her husband, a therapist's second marriage opened 'new possibilities’",https://www.cnbc.com/2025/08/31/after-losing-her-husband-therapists-second-marriage-led-to-new-possibilities.html
9 Hours Ago,Op-ed: Nvidia's fate in China may look a lot like what BYD did to Tesla,https://www.cnbc.com/2025/08/31/nvidia-chips-china-byd-tesla.html
9 Hours Ago,The man behind OpenAI's global expansion and its effort to win the enterprise,https://www.cnbc.com/2025/08/31/openais-brad-lightcap-leads-global-expansion-pursuit-of-enterprise.html
9 Hours Ago,Rhode Island's 'Taylor Swift Tax' on vacation homes of the wealthy spreads,https://www.cnbc.com/2025/08/31/taylor-swift-tax-on-high-end-vacation-homes-spreads-to-more-states.html
10 Hours Ago,Hw the U.S. Open's signature Honey Deuce cocktail price stacks up with inflation,https://www.cnbc.com/2025/08/31/honey-deuce-us-open-signature-cocktail-price-inflation.html
10 Hours Ago,This Chinese property stock is defying the slump and poised to soar,https://www.cnbc.com/2025/08/31/this-chinese-property-stock-is-defying-the-slump-and-poised-to-soar-barclays-predicts.html
10 Hours Ago,"Global banks, gold miners are strong opportunities, Lazard portfolio manager says",https://www.cnbc.com/2025/08/31/global-banks-gold-miners-are-strong-opportunities-lazard-manager-says.html
10 Hours Ago,Bitcoin dominance could return in September as crypto traders await Fed decision,https://www.cnbc.com/2025/08/31/bitcoin-dominance-could-return-in-september-as-crypto-traders-await-fed-decision.html
10 Hours Ago,"Here's how to get the $7,500 EV tax credit — even after the Sept. 30 deadline",https://www.cnbc.com/2025/08/31/how-to-get-7500-ev-tax-credit-after-the-deadline.html
13 Hours Ago,Matcha mania turns the green powder into gold,https://www.cnbc.com/2025/08/31/matcha-mania-turns-the-green-powder-into-gold.html
13 Hours Ago,"Global week ahead: Welcome to September, Wall Street’s least-loved month",https://www.cnbc.com/2025/08/31/global-week-ahead-welcome-to-september-wall-streets-least-loved-month.html
13 Hours Ago,Billionaire founder Lucy Guo started out making money on the playground as a kid,https://www.cnbc.com/2025/08/31/billionaire-founder-lucy-guo-started-out-making-money-on-the-playground.html
"August 30, 2025",Trump tariffs voided by — and ones that are safe from — appeals court ruling,https://www.cnbc.com/2025/08/30/trump-trade-tariffs-appeals.html
"August 30, 2025","CDC asks staff to return to office Sept. 15, five weeks after HQ shooting",https://www.cnbc.com/2025/08/30/cdc-asks-all-staff-to-return-to-office-sept-15-after-hq-shooting.html
"August 30, 2025",Trump could damage Fed independence: longtime investor Rebecca Patterson,https://www.cnbc.com/2025/08/30/trump-firing-cook-could-damage-fed-independence-rebecca-patterson.html
"August 30, 2025",Look inside the $17 million Brooklyn penthouse in Spike Lee's 'Highest 2 Lowest',https://www.cnbc.com/2025/08/30/look-inside-penthouse-spike-lee-highest-2-lowest-film.html
"August 30, 2025",I'm 78-years-old—my memory is 'razor sharp': 5 things I do every day for a healthy brain,https://www.cnbc.com/2025/08/30/im-78-years-old-and-my-memory-is-razor-sharpi-do-5-things-every-day.html
"August 30, 2025","32-year-old bride spent $18,000 buying 15 dresses before her wedding",https://www.cnbc.com/2025/08/30/why-brides-are-buying-more-wedding-related-outfits-than-ever-experts.html
"August 30, 2025",Powerball jackpot hits $1 billion—here's after-tax payout by state,https://www.cnbc.com/2025/08/30/powerball-jackpot-nears-1-billion-dollars.html
"August 30, 2025",The 10 private colleges with the best ROI in the U.S.,https://www.cnbc.com/2025/08/30/us-private-colleges-best-roi.html
"August 30, 2025",Walmart’s latest AI innovations represent a shift for big retail,https://www.cnbc.com/2025/08/30/walmart-stores-ai-innovation-retail-shopping-shift.html
"August 30, 2025",Here's what it means for Trump to get control of the Federal Reserve board,https://www.cnbc.com/2025/08/30/heres-what-it-really-means-for-trump-to-get-control-of-the-federal-reserve-board.html
"August 30, 2025","This old tech name is now a top AI play, according to analysts",https://www.cnbc.com/2025/08/30/this-old-tech-name-is-now-a-top-ai-play-according-to-analysts.html
"August 30, 2025",These three stocks are oversold and primed for major gains,https://www.cnbc.com/2025/08/30/these-three-stocks-are-oversold-and-primed-for-major-gains.html
"August 30, 2025","Five top picks with more upside ahead in September, Morgan Stanley says",https://www.cnbc.com/2025/08/30/morgan-stanley-names-stocks-with-more-upside-in-september.html
"August 30, 2025",The rise of upscale Indian restaurants in the U.S.,https://www.cnbc.com/2025/08/30/upscale-indian-restaurants-us.html
